index,open,close,high,low,vol,amount
2016-01-04,10.0,9.04,10.0,9.04,323405.0,302240000.0
2016-01-05,8.16,8.9,9.22,8.16,471803.0,414963008.0
2016-01-06,8.92,9.18,9.18,8.92,287099.0,261120992.0
2016-01-07,9.04,8.27,9.04,8.26,86056.0,74441000.0
2016-01-08,8.61,8.3,8.7,7.44,323674.0,268537984.0
2016-01-11,8.16,7.47,8.25,7.47,282638.0,221347008.0
2016-01-12,7.47,7.5,7.66,7.18,219159.0,163112992.0
2016-01-13,7.6,7.11,7.65,7.03,185659.0,137518000.0
2016-01-14,6.9,7.4,7.45,6.79,243664.0,173531008.0
2016-01-15,7.24,7.14,7.56,7.0,225645.0,163874000.0
2016-01-18,7.01,7.27,7.4,6.8,206484.0,149212000.0
2016-01-19,7.2,8.0,8.0,7.18,330704.0,249132992.0
2016-01-20,7.98,7.98,8.24,7.86,456495.0,368192000.0
2016-01-21,7.77,7.41,8.02,7.39,270711.0,209595008.0
2016-01-22,7.55,7.55,7.69,7.28,202110.0,152183008.0
2016-01-25,7.65,7.59,7.72,7.51,149601.0,114252000.0
2016-01-26,7.49,6.83,7.51,6.83,234548.0,167900000.0
2016-01-27,6.86,6.69,6.96,6.18,264943.0,172994000.0
2016-01-28,6.57,6.33,6.66,6.2,172999.0,112924000.0
2016-01-29,6.29,6.96,6.96,6.21,182428.0,123249000.0
2016-02-01,7.28,6.92,7.48,6.65,400925.0,286400992.0
2016-02-02,6.98,7.13,7.25,6.83,292145.0,207110000.0
2016-02-03,7.03,7.25,7.4,6.93,333258.0,240750000.0
2016-02-04,7.23,7.32,7.45,7.16,320630.0,234423008.0
2016-02-05,7.29,7.1,7.37,7.09,184762.0,133185000.0
2016-02-15,6.81,7.0,7.1,6.65,147999.0,102674000.0
2016-02-16,7.14,7.7,7.7,7.14,316175.0,236232000.0
2016-02-17,7.69,7.78,7.98,7.54,462348.0,357476992.0
2016-02-18,7.78,7.76,8.15,7.65,465915.0,365600992.0
2016-02-19,7.67,7.92,8.11,7.65,403847.0,318409984.0
2016-02-22,8.13,8.11,8.35,7.93,434661.0,352340000.0
2016-02-23,8.04,7.92,8.06,7.8,314400.0,249072992.0
2016-02-24,7.82,7.97,8.04,7.8,270550.0,214395008.0
2016-02-25,8.18,8.26,8.77,8.05,1375065.0,1177012992.0
2016-02-26,8.3,7.7,8.45,7.48,863847.0,677822016.0
2016-02-29,7.53,6.93,7.53,6.93,513784.0,362889984.0
2016-03-01,7.05,7.18,7.24,6.93,383986.0,273608992.0
2016-03-02,7.18,7.66,7.89,7.13,519168.0,390332992.0
2016-03-03,7.61,7.78,8.3,7.61,684296.0,543937984.0
2016-03-04,7.89,7.58,8.15,7.4,670923.0,526532000.0
2016-03-07,7.84,7.7,7.96,7.51,382724.0,295121984.0
2016-03-08,7.63,7.57,7.68,7.15,375654.0,277048992.0
2016-03-09,7.38,7.39,7.54,7.2,245093.0,180890000.0
2016-03-10,7.44,7.27,7.49,7.26,201137.0,148144992.0
2016-03-11,7.19,7.19,7.33,7.09,195787.0,140972992.0
2016-03-14,7.4,7.44,7.57,7.33,284035.0,212296000.0
2016-03-15,7.44,7.46,7.64,7.36,288085.0,215424000.0
2016-03-16,7.48,7.31,7.59,7.22,232562.0,171876992.0
2016-03-17,7.35,7.5,7.57,7.31,313526.0,234218000.0
2016-03-18,7.54,7.75,7.82,7.53,450571.0,347752992.0
2016-03-21,7.9,8.05,8.2,7.73,605789.0,480497984.0
2016-03-22,7.96,7.88,8.04,7.84,414301.0,328200000.0
2016-03-23,7.81,7.94,7.99,7.8,379151.0,299727008.0
2016-03-24,7.88,7.74,8.03,7.69,372527.0,292120000.0
2016-03-25,7.7,7.75,7.92,7.67,202546.0,157172992.0
2016-03-28,7.79,7.68,7.89,7.67,214425.0,167092992.0
2016-03-29,7.62,7.48,7.7,7.32,227432.0,170576992.0
2016-03-30,7.52,7.72,7.78,7.5,209173.0,159278000.0
2016-03-31,7.75,7.67,7.78,7.65,231987.0,178931008.0
2016-04-01,7.66,7.53,7.67,7.44,197577.0,148442000.0
2016-04-05,7.53,7.91,7.99,7.53,421623.0,329788000.0
2016-04-06,7.87,7.9,8.13,7.8,407960.0,323456000.0
2016-04-07,7.96,7.93,8.1,7.71,570909.0,453260000.0
2016-04-08,7.8,7.97,8.08,7.6,510688.0,402679008.0
2016-04-11,8.02,8.03,8.28,7.92,461253.0,372956000.0
2016-04-12,7.96,7.88,7.99,7.79,325571.0,256060992.0
2016-04-13,7.9,7.91,8.06,7.9,381844.0,304579008.0
2016-04-14,7.96,7.94,7.98,7.86,227704.0,179974000.0
2016-04-15,7.88,7.9,8.0,7.83,270013.0,213024992.0
2016-04-18,7.83,7.73,7.86,7.7,186465.0,144392992.0
2016-04-19,7.78,7.78,7.87,7.7,178703.0,139118000.0
2016-04-20,7.84,7.31,7.84,7.1,364579.0,270638016.0
2016-04-21,7.29,7.22,7.42,7.2,173776.0,127049000.0
2016-04-22,7.17,7.26,7.3,7.1,139846.0,100665000.0
2016-04-25,7.28,7.21,7.28,7.11,98414.0,70772000.0
2016-04-26,7.2,7.26,7.27,7.18,88971.0,64314000.0
2016-04-27,7.27,7.22,7.32,7.2,105040.0,76279000.0
2016-04-28,7.25,7.12,7.26,7.03,118627.0,84330000.0
2016-04-29,7.13,7.14,7.18,7.1,61905.0,44201000.0
2016-05-03,7.14,7.35,7.35,7.12,126490.0,91877000.0
2016-05-04,7.31,7.34,7.48,7.25,133853.0,98300000.0
2016-05-05,7.33,7.33,7.39,7.28,95942.0,70299000.0
2016-05-06,7.32,7.06,7.37,7.05,175350.0,125641000.0
2016-05-09,7.03,6.69,7.04,6.68,159579.0,108286000.0
2016-05-10,6.63,6.73,6.79,6.63,80380.0,54167000.0
2016-05-11,6.76,6.67,6.8,6.63,62260.0,41814000.0
2016-05-12,6.65,6.57,6.65,6.41,89080.0,57923000.0
2016-05-13,6.61,7.06,7.23,6.57,468660.0,332347008.0
2016-05-16,6.95,7.03,7.05,6.8,313039.0,216440000.0
2016-05-17,7.04,7.0,7.23,6.89,284636.0,201030000.0
2016-05-18,6.88,6.69,6.91,6.55,184427.0,124568000.0
2016-05-19,6.7,6.72,6.87,6.7,97041.0,65796000.0
2016-05-20,6.7,6.81,6.85,6.6,101046.0,68114000.0
2016-05-23,6.82,6.89,6.95,6.8,117802.0,80935000.0
2016-05-24,6.87,6.79,6.87,6.73,83845.0,56892000.0
2016-05-25,6.83,6.77,6.9,6.75,76557.0,52188000.0
2016-05-26,6.77,6.77,6.8,6.62,84354.0,56606000.0
2016-05-27,6.75,6.8,6.91,6.7,100342.0,68287000.0
2016-05-30,6.7,6.72,6.78,6.65,61658.0,41446000.0
2016-05-31,6.7,6.95,6.97,6.7,163711.0,112784000.0
2016-06-01,7.04,7.03,7.16,6.99,211794.0,149832000.0
2016-06-02,7.03,7.12,7.14,6.96,179881.0,127425000.0
2016-06-03,7.14,7.12,7.28,7.08,231615.0,166099008.0
2016-06-06,7.12,7.05,7.15,7.02,137755.0,97228000.0
2016-06-07,7.15,7.19,7.28,7.04,202732.0,144784000.0
2016-06-08,7.17,7.06,7.17,7.01,131758.0,93208000.0
2016-06-13,7.01,6.72,7.01,6.72,136813.0,94437000.0
2016-06-14,6.66,7.39,7.39,6.66,763991.0,554884992.0
2016-06-15,7.31,8.0,8.13,7.23,1191935.0,938643008.0
2016-06-16,7.91,7.82,8.08,7.7,699683.0,548700992.0
2016-06-17,7.81,7.76,7.96,7.7,385232.0,301031008.0
2016-06-20,7.82,7.85,7.87,7.61,264473.0,205652000.0
2016-06-21,7.88,7.49,7.89,7.4,346324.0,264799008.0
2016-06-22,7.42,7.6,7.69,7.38,201486.0,152802000.0
2016-06-23,7.58,7.57,7.78,7.5,168346.0,128532000.0
2016-06-24,7.57,7.63,7.63,7.01,261451.0,194708000.0
2016-06-27,7.5,7.7,7.72,7.46,181728.0,138738000.0
2016-06-28,7.66,7.72,7.78,7.6,167676.0,129299000.0
2016-06-29,7.71,7.61,7.77,7.58,165111.0,126170000.0
2016-06-30,7.62,7.54,7.66,7.52,108859.0,82216000.0
2016-07-01,7.55,7.48,7.6,7.44,107687.0,80781000.0
2016-07-04,7.42,7.57,7.62,7.32,145790.0,109713000.0
2016-07-05,7.56,7.57,7.64,7.51,130826.0,99006000.0
2016-07-06,7.66,7.58,7.71,7.56,207548.0,158331008.0
2016-07-07,7.61,7.5,7.61,7.34,169020.0,126359000.0
2016-07-08,7.45,7.51,7.58,7.43,114189.0,85794000.0
2016-07-11,7.5,7.49,7.57,7.47,105915.0,79562000.0
2016-07-12,7.46,7.54,7.54,7.41,121887.0,91063000.0
2016-07-13,7.55,7.58,7.63,7.5,153176.0,115594000.0
2016-07-14,7.66,7.77,8.0,7.63,399178.0,311808992.0
2016-07-15,7.95,7.71,7.95,7.63,224299.0,174430000.0
2016-07-18,7.64,7.63,7.77,7.6,127944.0,98116000.0
2016-07-19,7.64,7.63,7.7,7.53,99103.0,75226000.0
2016-07-20,7.75,7.72,7.94,7.66,199707.0,155536000.0
2016-07-21,7.7,7.69,7.78,7.61,156414.0,120217000.0
2016-07-22,7.66,7.57,7.67,7.57,131732.0,100319000.0
2016-07-25,7.5,7.55,7.61,7.5,93199.0,70394000.0
2016-07-26,7.54,7.61,7.61,7.52,83918.0,63621000.0
2016-07-27,7.61,7.23,7.63,7.1,201109.0,147658000.0
2016-07-28,7.24,7.2,7.26,7.03,110637.0,79367000.0
2016-07-29,7.18,7.16,7.22,7.11,61074.0,43697000.0
2016-08-01,7.18,7.1,7.19,7.02,66217.0,46776000.0
2016-08-02,7.1,7.15,7.15,7.08,44812.0,31916000.0
2016-08-03,7.16,7.26,7.34,7.11,104479.0,75966000.0
2016-08-04,7.24,7.25,7.28,7.16,65444.0,47211000.0
2016-08-05,7.24,7.19,7.27,7.18,53632.0,38752000.0
2016-08-08,7.17,7.27,7.33,7.13,73351.0,53239000.0
2016-08-09,7.25,7.3,7.31,7.22,80715.0,58622000.0
2016-08-10,7.3,7.28,7.32,7.25,74452.0,54223000.0
2016-08-11,7.27,7.18,7.32,7.17,75317.0,54436000.0
2016-08-12,7.16,7.28,7.32,7.16,79063.0,57311000.0
2016-08-15,7.3,7.45,7.55,7.28,197533.0,147070000.0
2016-08-16,7.42,7.49,7.58,7.4,182462.0,136490000.0
2016-08-17,7.49,7.51,7.75,7.45,216165.0,163914000.0
2016-08-18,7.48,7.64,7.77,7.46,313580.0,239691008.0
2016-08-19,7.61,7.59,7.74,7.54,166476.0,126595000.0
2016-08-22,7.55,7.46,7.63,7.43,113212.0,84968000.0
2016-08-23,7.45,7.45,7.47,7.34,89912.0,66761000.0
2016-08-24,7.45,7.49,7.54,7.38,99874.0,74742000.0
2016-08-25,7.49,7.31,7.49,7.25,123158.0,90419000.0
2016-08-26,7.39,7.39,7.55,7.36,143624.0,107160000.0
2016-08-29,7.39,7.51,7.63,7.37,197737.0,148652992.0
2016-08-30,7.51,7.45,7.54,7.42,91979.0,68625000.0
2016-08-31,7.44,7.51,7.6,7.4,141586.0,106375000.0
2016-09-01,7.48,7.38,7.54,7.38,109127.0,81251000.0
2016-09-02,7.33,7.33,7.43,7.25,93458.0,68639000.0
2016-09-05,7.34,7.36,7.42,7.33,59533.0,43808000.0
2016-09-06,7.34,7.44,7.47,7.23,121971.0,89724000.0
2016-09-07,7.46,7.61,7.96,7.43,403358.0,310576000.0
2016-09-08,7.53,7.59,7.7,7.51,203154.0,153887008.0
2016-09-09,7.62,7.47,7.62,7.47,136638.0,103061000.0
2016-09-12,7.31,7.29,7.45,7.26,141226.0,103705000.0
2016-09-13,7.34,7.42,7.49,7.31,97790.0,72280000.0
2016-09-14,7.38,7.35,7.4,7.31,87317.0,64131000.0
2016-09-19,7.35,7.4,7.46,7.3,90844.0,67072000.0
2016-09-20,7.44,7.46,7.5,7.38,102460.0,76217000.0
2016-09-21,7.46,7.46,7.49,7.43,74505.0,55620000.0
2016-09-22,7.49,7.52,7.65,7.49,177819.0,134628000.0
2016-09-23,7.53,7.4,7.57,7.38,99024.0,73901000.0
2016-09-26,7.42,7.22,7.43,7.21,133613.0,97505000.0
2016-09-27,7.21,7.28,7.3,7.19,67401.0,48885000.0
2016-09-28,7.28,7.2,7.3,7.2,59554.0,43190000.0
2016-09-29,7.2,7.25,7.31,7.19,63444.0,45988000.0
2016-09-30,7.25,7.33,7.35,7.22,73281.0,53536000.0
2016-10-10,7.36,7.4,7.45,7.3,135456.0,99713000.0
2016-10-11,7.35,7.5,7.62,7.35,215059.0,161412992.0
2016-10-12,7.46,7.5,7.5,7.4,96848.0,72064000.0
2016-10-13,7.48,7.49,7.55,7.45,109721.0,82180000.0
2016-10-14,7.48,7.58,7.77,7.46,345479.0,264407008.0
2016-10-17,7.5,7.42,7.61,7.37,186807.0,139964992.0
2016-10-18,7.42,7.6,7.6,7.39,208023.0,156807008.0
2016-10-19,7.58,7.49,7.6,7.49,130941.0,98533000.0
2016-10-20,7.49,7.47,7.53,7.45,100792.0,75380000.0
2016-10-21,7.48,7.46,7.5,7.39,100028.0,74435000.0
2016-10-24,7.46,7.51,7.55,7.42,115682.0,86687000.0
2016-10-25,7.52,7.53,7.55,7.48,104326.0,78369000.0
2016-10-26,7.53,7.48,7.56,7.45,117227.0,87867000.0
2016-10-27,7.55,7.55,7.58,7.48,109863.0,82686000.0
2016-10-28,7.63,7.38,7.63,7.38,168197.0,125577000.0
2016-10-31,7.38,7.36,7.39,7.28,91296.0,66986000.0
2016-11-01,7.35,7.4,7.42,7.34,91007.0,67160000.0
2016-11-02,7.4,7.32,7.44,7.31,82871.0,61061000.0
2016-11-03,7.3,7.38,7.45,7.3,87996.0,64932000.0
2016-11-04,7.39,7.4,7.46,7.37,108516.0,80373000.0
2016-11-07,7.38,7.53,7.58,7.35,228696.0,171398000.0
2016-11-08,7.53,7.49,7.54,7.44,153419.0,114889000.0
2016-11-09,7.49,7.43,7.49,7.31,124099.0,91870000.0
2016-11-10,7.45,7.53,7.68,7.44,221068.0,166632992.0
2016-11-11,7.53,7.56,7.57,7.48,178105.0,134158000.0
2016-11-14,7.55,7.53,7.58,7.5,139095.0,104816000.0
2016-11-15,7.53,7.61,7.62,7.5,196084.0,148407008.0
2016-11-16,7.7,7.57,7.72,7.53,179646.0,136072992.0
2016-11-17,7.55,7.55,7.57,7.46,111646.0,83897000.0
2016-11-18,7.55,7.56,7.6,7.48,143751.0,108410000.0
2016-11-21,7.55,7.54,7.63,7.52,130903.0,98966000.0
2016-11-22,7.55,7.59,7.62,7.52,190995.0,144731008.0
2016-11-23,7.6,7.61,7.65,7.53,222937.0,169323008.0
2016-11-24,7.57,7.55,7.62,7.5,146504.0,110474000.0
2016-11-25,7.55,7.56,7.6,7.41,171857.0,129399000.0
2016-11-28,7.6,7.63,7.73,7.53,329762.0,252035008.0
2016-11-29,7.6,7.48,7.67,7.47,213478.0,161458000.0
2016-11-30,7.45,7.42,7.51,7.4,130993.0,97516000.0
2016-12-01,7.44,7.45,7.48,7.41,87950.0,65448000.0
2016-12-02,7.46,7.24,7.47,7.21,186242.0,136243008.0
2016-12-05,7.16,7.2,7.24,7.12,85859.0,61632000.0
2016-12-06,7.23,7.19,7.26,7.17,60875.0,43916000.0
2016-12-07,7.21,7.26,7.26,7.17,57445.0,41458000.0
2016-12-08,7.26,7.17,7.27,7.17,64011.0,46193000.0
2016-12-09,7.18,7.19,7.29,7.16,68158.0,49255000.0
2016-12-12,7.21,6.83,7.22,6.81,148770.0,103943000.0
2016-12-13,6.83,6.85,6.91,6.68,110022.0,74499000.0
2016-12-14,6.83,6.76,6.89,6.72,63812.0,43380000.0
2016-12-15,6.77,6.82,6.88,6.73,66269.0,45179000.0
2016-12-16,6.82,6.93,6.99,6.82,87464.0,60678000.0
2016-12-19,6.92,6.96,7.02,6.91,65742.0,45859000.0
2016-12-20,6.94,6.89,6.96,6.86,46776.0,32287000.0
2016-12-21,6.9,7.0,7.1,6.9,70385.0,49451000.0
2016-12-22,7.0,7.02,7.08,6.94,66597.0,46656000.0
2016-12-23,6.98,6.86,6.99,6.85,64499.0,44542000.0
2016-12-26,6.82,6.87,6.87,6.71,68464.0,46567000.0
2016-12-27,6.87,6.87,6.9,6.84,41452.0,28479000.0
2016-12-28,6.87,6.86,6.92,6.83,44472.0,30629000.0
2016-12-29,6.84,6.76,6.84,6.75,60085.0,40730000.0
2016-12-30,6.77,6.76,6.8,6.75,35537.0,24052000.0
2017-01-03,6.76,6.83,6.84,6.76,37042.0,25240000.0
2017-01-04,6.83,7.01,7.12,6.8,133852.0,93712000.0
2017-01-05,6.98,6.97,7.04,6.9,94252.0,65689000.0
2017-01-06,6.96,7.03,7.13,6.93,121799.0,86007000.0
2017-01-09,6.96,7.07,7.11,6.95,96036.0,67641000.0
2017-01-10,7.07,7.01,7.08,7.01,50223.0,35325000.0
2017-01-11,7.01,6.86,7.01,6.86,54592.0,37846000.0
2017-01-12,6.82,6.79,6.88,6.77,60467.0,41263000.0
2017-01-13,6.79,6.68,6.82,6.68,63164.0,42501000.0
2017-01-16,6.71,6.44,6.72,6.13,73395.0,47816000.0
2017-01-17,6.42,6.48,6.52,6.3,53326.0,34320000.0
2017-01-18,6.57,6.55,6.98,6.53,141734.0,94645000.0
2017-01-19,6.45,6.44,6.58,6.42,70725.0,45719000.0
2017-01-20,6.5,6.5,6.54,6.45,82495.0,53619000.0
2017-01-23,6.51,6.53,6.57,6.49,63450.0,41404000.0
2017-01-24,6.54,6.51,6.54,6.5,43625.0,28438000.0
2017-01-25,6.52,6.52,6.53,6.47,55483.0,36072000.0
2017-01-26,6.53,6.56,6.56,6.52,57886.0,37848000.0
2017-02-03,6.57,6.53,6.57,6.5,35171.0,22947000.0
2017-02-06,6.53,6.56,6.56,6.49,52571.0,34373000.0
2017-02-07,6.56,6.6,6.65,6.52,67685.0,44532000.0
2017-02-08,6.58,6.59,6.6,6.52,55418.0,36351000.0
2017-02-09,6.59,6.63,6.64,6.57,74482.0,49293000.0
2017-02-10,6.65,6.64,6.65,6.61,67730.0,44923000.0
2017-02-13,6.64,6.63,6.65,6.49,131889.0,86630000.0
2017-02-14,6.58,6.58,6.6,6.55,62241.0,40903000.0
2017-02-15,6.58,6.58,6.63,6.54,92108.0,60639000.0
2017-02-16,6.57,6.57,6.59,6.52,82146.0,53840000.0
2017-02-17,6.57,6.59,6.68,6.54,101634.0,67089000.0
2017-02-20,6.59,6.61,6.63,6.55,79869.0,52586000.0
2017-02-21,6.62,6.66,6.66,6.58,106721.0,70659000.0
2017-02-22,6.66,6.62,6.66,6.57,109889.0,72686000.0
2017-02-23,6.61,6.59,6.62,6.55,100467.0,66092000.0
2017-02-24,6.56,6.63,6.64,6.55,93039.0,61409000.0
2017-02-27,6.62,6.58,6.63,6.55,65458.0,43111000.0
2017-02-28,6.57,6.56,6.59,6.53,66155.0,43388000.0
2017-03-01,6.56,6.57,6.57,6.52,71090.0,46544000.0
2017-03-02,6.57,6.49,6.58,6.48,100461.0,65447000.0
2017-03-03,6.48,6.61,6.68,6.44,239217.0,157580992.0
2017-03-06,6.6,6.74,6.86,6.56,253323.0,170226000.0
2017-03-07,6.7,6.67,6.72,6.63,155669.0,103676000.0
2017-03-08,6.66,6.72,6.78,6.62,188402.0,126355000.0
2017-03-09,6.72,6.68,6.73,6.62,120679.0,80443000.0
2017-03-10,6.64,6.64,6.72,6.64,124746.0,83308000.0
2017-03-13,6.62,6.63,6.69,6.51,151308.0,99983000.0
2017-03-14,6.64,6.58,6.68,6.56,113971.0,75521000.0
2017-03-15,6.57,6.54,6.57,6.52,72371.0,47343000.0
2017-03-16,6.56,6.59,6.6,6.55,79422.0,52235000.0
2017-03-17,6.59,6.55,6.62,6.53,90574.0,59599000.0
2017-03-20,6.55,6.51,6.55,6.45,102492.0,66498000.0
2017-03-21,6.53,6.64,6.74,6.53,200538.0,133301000.0
2017-03-22,6.6,6.55,6.6,6.53,88451.0,57920000.0
2017-03-23,6.55,6.51,6.58,6.47,74737.0,48797000.0
2017-03-24,6.52,6.53,6.53,6.47,52194.0,33922000.0
2017-03-27,6.53,6.48,6.53,6.47,62513.0,40544000.0
2017-03-28,6.48,6.42,6.49,6.41,67820.0,43712000.0
2017-03-29,6.42,6.39,6.43,6.34,92397.0,58896000.0
2017-03-30,6.36,6.23,6.38,6.18,133114.0,83174000.0
2017-03-31,6.23,6.26,6.27,6.22,60565.0,37817000.0
2017-04-05,6.26,6.36,6.38,6.25,82153.0,52057000.0
2017-04-06,6.34,6.37,6.39,6.32,80407.0,51041000.0
2017-04-07,6.35,6.4,6.49,6.32,99139.0,63414000.0
2017-04-10,6.34,6.3,6.38,6.28,78171.0,49379000.0
2017-04-11,6.31,6.58,6.65,6.26,243694.0,157523008.0
2017-04-12,6.84,6.72,7.05,6.7,547545.0,373756000.0
2017-04-13,6.68,6.64,6.77,6.5,250803.0,165612000.0
2017-04-14,6.58,6.45,6.63,6.45,157297.0,102474000.0
2017-04-17,6.41,6.36,6.43,6.3,108833.0,69118000.0
2017-04-18,6.37,6.31,6.38,6.3,63608.0,40364000.0
2017-04-19,6.29,6.19,6.29,6.1,102801.0,63593000.0
2017-04-20,6.19,6.16,6.23,6.1,65842.0,40602000.0
2017-04-21,6.16,6.19,6.2,6.13,40960.0,25266000.0
2017-04-24,6.19,6.01,6.19,5.92,81683.0,48983000.0
2017-04-25,6.01,5.95,6.07,5.93,46689.0,28070000.0
2017-04-26,5.97,5.95,6.01,5.93,43184.0,25771000.0
2017-04-27,5.94,5.8,5.95,5.52,124063.0,70908000.0
2017-04-28,5.8,5.82,5.84,5.71,49845.0,28872000.0
2017-05-02,5.83,5.72,5.83,5.7,49268.0,28325000.0
2017-05-03,5.74,5.78,5.85,5.69,65208.0,37689000.0
2017-05-04,5.8,5.78,5.83,5.74,52929.0,30690000.0
2017-05-05,5.77,5.63,5.77,5.61,56093.0,31864000.0
2017-05-08,5.65,5.47,5.67,5.45,57270.0,31702000.0
2017-05-09,5.43,5.48,5.52,5.36,47963.0,26071000.0
2017-05-10,5.47,5.27,5.51,5.27,54373.0,29387000.0
2017-05-11,5.26,5.15,5.26,5.0,97611.0,49865000.0
2017-05-12,5.16,5.22,5.26,5.03,82790.0,42614000.0
2017-05-15,5.2,5.15,5.23,5.14,37868.0,19620000.0
2017-05-16,5.16,5.29,5.31,5.06,83297.0,43305000.0
2017-05-17,5.26,5.32,5.34,5.23,58039.0,30758000.0
2017-05-18,5.26,5.23,5.3,5.22,39764.0,20911000.0
2017-05-19,5.23,5.25,5.28,5.22,35018.0,18419000.0
2017-05-22,5.25,5.08,5.25,5.06,47400.0,24370000.0
2017-05-23,5.07,5.2,5.54,5.05,162977.0,86221000.0
2017-05-24,5.15,5.09,5.15,4.82,86041.0,43141000.0
2017-05-25,5.06,5.28,5.3,5.03,93724.0,48275000.0
2017-05-26,5.24,5.18,5.28,5.17,47040.0,24546000.0
2017-05-31,5.22,5.2,5.29,5.2,38003.0,19914000.0
2017-06-01,5.22,5.08,5.22,5.08,38561.0,19750000.0
2017-06-02,5.09,5.11,5.13,5.03,31510.0,16018000.0
2017-06-05,5.12,5.11,5.15,5.09,31456.0,16118000.0
2017-06-06,5.1,5.14,5.18,5.09,28985.0,14872000.0
2017-06-07,5.15,5.28,5.4,5.13,99244.0,52378000.0
2017-06-08,5.28,5.28,5.35,5.24,71043.0,37633000.0
2017-06-09,5.3,5.3,5.34,5.23,68482.0,36194000.0
2017-06-12,5.24,5.14,5.28,5.13,60272.0,31406000.0
2017-06-13,5.12,5.26,5.27,5.11,55736.0,28984000.0
2017-06-14,5.29,5.21,5.29,5.2,49580.0,25937000.0
2017-06-15,5.22,5.3,5.35,5.2,74597.0,39406000.0
2017-06-16,5.29,5.33,5.34,5.28,62631.0,33288000.0
2017-06-19,5.33,5.45,5.49,5.32,166751.0,90385000.0
2017-06-20,5.41,5.45,5.54,5.35,119219.0,64828000.0
2017-06-21,5.46,5.38,5.46,5.34,75312.0,40477000.0
2017-06-22,5.39,5.33,5.51,5.33,112213.0,60809000.0
2017-06-23,5.27,5.27,5.33,5.19,70121.0,36826000.0
2017-06-26,5.28,5.31,5.32,5.24,51337.0,27127000.0
2017-06-27,5.31,5.28,5.33,5.26,42827.0,22694000.0
2017-06-28,5.28,5.23,5.28,5.21,39283.0,20551000.0
2017-06-29,5.22,5.25,5.3,5.21,29375.0,15456000.0
2017-06-30,5.25,5.24,5.28,5.22,25351.0,13314000.0
2017-07-03,5.25,5.26,5.27,5.23,32834.0,17234000.0
2017-07-04,5.26,5.17,5.27,5.16,80337.0,41800000.0
2017-07-05,5.18,5.21,5.23,5.16,43676.0,22683000.0
2017-07-06,5.21,5.18,5.22,5.17,54266.0,28166000.0
2017-07-07,5.17,5.19,5.21,5.15,45873.0,23780000.0
2017-07-10,5.2,5.22,5.22,5.17,59420.0,30926000.0
2017-07-11,5.22,5.27,5.4,5.19,148206.0,78148000.0
2017-07-12,5.19,5.14,5.23,5.08,109356.0,56199000.0
2017-07-13,5.14,5.15,5.16,5.11,46631.0,23957000.0
2017-07-14,5.15,5.09,5.15,5.07,52643.0,26830000.0
2017-07-17,5.04,4.73,5.05,4.72,111908.0,54614000.0
2017-07-18,4.74,4.81,4.82,4.72,46281.0,22091000.0
2017-07-19,4.81,4.88,4.88,4.77,44492.0,21507000.0
2017-07-20,4.88,4.92,4.96,4.88,49758.0,24525000.0
2017-07-21,4.96,4.91,4.96,4.9,36497.0,17943000.0
2017-07-24,4.94,4.92,4.94,4.9,29510.0,14515000.0
2017-07-25,4.93,4.86,4.93,4.84,34169.0,16663000.0
2017-07-26,4.86,4.94,5.06,4.81,87887.0,43397000.0
2017-07-27,4.9,4.95,4.96,4.8,75031.0,36702000.0
2017-07-28,4.94,4.93,4.95,4.9,38455.0,18934000.0
2017-07-31,4.93,4.94,4.94,4.89,38527.0,18950000.0
2017-08-01,4.93,4.96,5.02,4.91,73434.0,36400000.0
2017-08-02,4.95,4.93,5.04,4.92,63132.0,31386000.0
2017-08-03,4.93,4.94,4.97,4.91,54535.0,26896000.0
2017-08-04,4.93,4.9,4.94,4.89,51588.0,25379000.0
2017-08-07,4.9,4.89,4.93,4.88,34669.0,16978000.0
2017-08-08,4.89,4.88,4.91,4.87,36955.0,18050000.0
2017-08-09,4.89,4.88,4.9,4.86,33256.0,16219000.0
2017-08-10,4.89,4.83,4.9,4.8,48504.0,23516000.0
2017-08-11,4.82,4.76,4.83,4.75,55721.0,26642000.0
2017-08-14,4.75,4.8,4.84,4.75,46640.0,22397000.0
2017-08-15,4.8,4.81,4.83,4.78,40158.0,19278000.0
2017-08-16,4.81,4.82,4.84,4.76,42033.0,20192000.0
2017-08-17,4.83,4.86,4.87,4.81,58916.0,28573000.0
2017-08-18,4.84,4.87,4.88,4.8,51923.0,25199000.0
2017-08-21,4.86,4.89,4.9,4.85,58058.0,28335000.0
2017-08-22,4.89,4.83,4.89,4.82,47944.0,23251000.0
2017-08-23,4.83,4.81,4.85,4.79,37168.0,17898000.0
2017-08-24,4.84,4.87,5.05,4.84,157379.0,77431000.0
2017-08-25,4.81,4.87,4.87,4.76,88462.0,42712000.0
2017-08-28,4.86,4.88,4.89,4.83,90391.0,43999000.0
2017-08-29,4.88,4.89,4.91,4.86,70119.0,34199000.0
2017-08-30,4.92,4.89,4.95,4.88,88333.0,43351000.0
2017-08-31,4.89,4.89,4.91,4.85,51919.0,25307000.0
2017-09-01,4.89,4.87,4.89,4.85,45270.0,22041000.0
2017-09-04,4.87,4.86,4.89,4.85,58184.0,28309000.0
2017-09-05,4.86,4.87,4.88,4.85,75550.0,36771000.0
2017-09-06,4.86,4.9,4.91,4.84,83134.0,40548000.0
2017-09-07,4.9,4.9,4.94,4.88,97442.0,47902000.0
2017-09-08,4.89,5.39,5.39,4.87,645501.0,341228000.0
2017-09-11,5.45,5.53,5.7,5.35,752148.0,415771008.0
2017-09-12,5.48,5.33,5.75,5.3,715829.0,397697984.0
2017-09-13,5.23,5.25,5.38,5.23,298809.0,157362000.0
2017-09-14,5.25,5.2,5.34,5.17,210312.0,110214000.0
2017-09-15,5.18,5.23,5.3,5.18,182669.0,95627000.0
2017-09-18,5.21,5.25,5.29,5.18,140113.0,73439000.0
2017-09-19,5.25,5.34,5.47,5.21,279300.0,149528992.0
2017-09-20,5.3,5.29,5.33,5.22,153148.0,80640000.0
2017-09-21,5.29,5.16,5.29,5.16,134268.0,69867000.0
2017-09-22,5.2,5.12,5.2,5.1,85134.0,43783000.0
2017-09-25,5.09,5.05,5.09,5.03,92890.0,46954000.0
2017-09-26,5.05,5.04,5.06,5.0,59865.0,30145000.0
2017-09-27,5.03,5.09,5.1,5.03,63033.0,32006000.0
2017-09-28,5.09,5.01,5.09,5.0,64554.0,32490000.0
2017-09-29,5.01,5.05,5.08,5.01,55654.0,28048000.0
2017-10-09,5.08,5.08,5.12,5.06,69802.0,35525000.0
2017-10-10,5.08,5.1,5.12,5.04,98292.0,49876000.0
2017-10-11,5.11,5.16,5.16,5.08,105573.0,53982000.0
2017-10-12,5.16,5.08,5.19,5.06,91923.0,47015000.0
2017-10-13,5.08,5.2,5.26,5.04,141958.0,73244000.0
2017-10-16,5.15,5.04,5.16,5.03,128338.0,65246000.0
2017-10-17,5.02,5.03,5.07,5.01,39927.0,20126000.0
2017-10-18,5.03,4.91,5.06,4.91,80202.0,40098000.0
2017-10-19,4.91,4.84,4.95,4.83,69481.0,33847000.0
2017-10-20,4.84,4.9,4.9,4.83,53272.0,25963000.0
2017-10-23,4.9,4.94,4.98,4.9,49065.0,24233000.0
2017-10-24,4.94,4.88,4.94,4.84,58235.0,28417000.0
2017-10-25,4.89,4.9,4.91,4.85,39894.0,19504000.0
2017-10-26,4.9,4.91,4.91,4.87,49246.0,24076000.0
2017-10-27,4.89,4.86,4.91,4.86,40195.0,19600000.0
2017-10-30,4.87,4.72,4.88,4.7,74549.0,35413000.0
2017-10-31,4.66,4.73,4.76,4.66,42265.0,19910000.0
2017-11-01,4.73,4.68,4.73,4.67,55027.0,25848000.0
2017-11-02,4.7,4.62,4.7,4.6,64775.0,29943000.0
2017-11-03,4.62,4.55,4.63,4.52,55792.0,25432000.0
2017-11-06,4.55,4.56,4.56,4.5,30161.0,13660000.0
2017-11-07,4.56,4.63,4.65,4.52,54875.0,25114000.0
2017-11-08,4.63,4.61,4.63,4.59,40518.0,18682000.0
2017-11-09,4.61,4.65,4.66,4.59,44862.0,20773000.0
2017-11-10,4.64,4.64,4.65,4.59,47487.0,21929000.0
2017-11-13,4.64,4.63,4.66,4.6,44917.0,20771000.0
2017-11-14,4.61,4.66,4.66,4.52,58435.0,26839000.0
2017-11-15,4.64,4.64,4.65,4.57,41071.0,18925000.0
2017-11-16,4.61,4.64,4.65,4.58,44996.0,20784000.0
2017-11-17,4.63,4.59,4.63,4.46,65438.0,29739000.0
2017-11-20,4.5,4.5,4.54,4.36,41510.0,18505000.0
2017-11-21,4.47,4.47,4.52,4.46,24832.0,11133000.0
2017-11-22,4.46,4.39,4.49,4.36,47314.0,20934000.0
2017-11-23,4.37,4.22,4.37,4.22,70237.0,30030000.0
2017-11-24,4.22,4.21,4.23,4.18,33992.0,14287000.0
2017-11-27,4.23,4.18,4.23,4.17,30140.0,12635000.0
2017-11-28,4.19,4.23,4.24,4.18,33941.0,14315000.0
2017-11-29,4.23,4.24,4.28,4.19,35442.0,14987000.0
2017-11-30,4.24,4.2,4.25,4.2,25755.0,10876000.0
2017-12-01,4.2,4.22,4.24,4.2,23652.0,9980000.0
2017-12-04,4.24,4.17,4.24,4.17,34316.0,14413000.0
2017-12-05,4.17,3.97,4.19,3.96,82008.0,33281000.0
2017-12-06,3.98,4.0,4.04,3.94,52185.0,20826000.0
2017-12-07,4.0,4.04,4.07,3.97,54768.0,22086000.0
2017-12-08,4.04,4.11,4.13,4.02,39849.0,16250000.0
2017-12-11,4.1,4.17,4.17,4.09,53081.0,21976000.0
2017-12-12,4.18,4.22,4.25,4.12,70640.0,29648000.0
2017-12-13,4.23,4.19,4.23,4.17,25836.0,10837000.0
2017-12-14,4.2,4.23,4.27,4.16,44502.0,18837000.0
2017-12-15,4.2,4.18,4.22,4.16,26414.0,11064000.0
2017-12-18,4.17,4.2,4.24,4.13,29540.0,12359000.0
2017-12-19,4.2,4.17,4.24,4.16,43642.0,18303000.0
2017-12-20,4.17,4.1,4.18,4.09,25421.0,10505000.0
2017-12-21,4.1,4.16,4.19,4.09,40697.0,16859000.0
2017-12-22,4.19,4.13,4.19,4.12,15107.0,6255000.0
2017-12-25,4.13,4.1,4.16,4.08,22401.0,9230000.0
2017-12-26,4.08,4.1,4.1,4.05,17481.0,7119000.0
2017-12-27,4.1,4.06,4.1,4.06,21163.0,8619000.0
2017-12-28,4.07,4.12,4.14,4.07,29618.0,12180000.0
2017-12-29,4.13,4.14,4.16,4.12,24350.0,10078000.0
2018-01-02,4.15,4.32,4.5,4.15,71538.0,30529000.0
2018-01-03,4.35,4.27,4.35,4.22,67989.0,28966000.0
2018-01-04,4.27,4.29,4.33,4.23,43808.0,18732000.0
2018-01-05,4.26,4.34,4.45,4.26,85225.0,37286000.0
2018-01-08,4.29,4.37,4.41,4.27,68721.0,29918000.0
2018-01-09,4.35,4.41,4.55,4.31,107799.0,47979000.0
2018-01-10,4.39,4.32,4.42,4.29,57348.0,24875000.0
2018-01-11,4.3,4.29,4.32,4.23,37495.0,16047000.0
2018-01-12,4.28,4.37,4.46,4.24,105457.0,46396000.0
2018-01-15,4.35,4.21,4.35,4.19,70137.0,29841000.0
2018-01-16,4.22,4.31,4.31,4.22,56700.0,24194000.0
2018-01-17,4.29,4.24,4.3,4.19,50351.0,21289000.0
2018-01-18,4.22,4.24,4.25,4.21,22456.0,9510000.0
2018-01-19,4.24,4.21,4.27,4.21,27241.0,11530000.0
2018-01-22,4.2,4.17,4.2,4.12,51540.0,21441000.0
2018-01-23,4.18,4.18,4.2,4.17,24709.0,10329000.0
2018-01-24,4.2,4.2,4.21,4.15,27443.0,11475000.0
2018-01-25,4.2,4.21,4.27,4.19,40653.0,17182000.0
2018-01-26,4.21,4.23,4.28,4.18,33937.0,14339000.0
2018-01-29,4.23,4.17,4.23,4.16,27495.0,11526000.0
2018-01-30,4.17,4.14,4.18,4.14,24141.0,10045000.0
2018-01-31,4.11,4.03,4.13,3.98,47640.0,19270000.0
2018-02-01,4.01,3.87,4.06,3.81,67087.0,26349000.0
2018-02-02,3.9,3.8,3.9,3.68,37066.0,13978000.0
2018-02-05,3.79,3.82,3.88,3.71,23429.0,8862000.0
2018-02-06,3.76,3.63,3.78,3.63,45105.0,16752000.0
2018-02-07,3.67,3.65,3.73,3.6,23339.0,8558000.0
2018-02-08,3.65,3.71,3.72,3.63,21062.0,7765000.0
2018-02-09,3.68,3.64,3.69,3.55,41586.0,15076000.0
2018-02-12,3.64,3.73,3.77,3.64,26342.0,9779000.0
2018-02-13,3.76,3.7,3.76,3.7,27062.0,10058000.0
2018-02-14,3.73,3.76,3.8,3.7,27043.0,10149000.0
2018-02-22,3.74,3.78,3.8,3.73,25802.0,9729000.0
2018-02-23,3.77,3.78,3.8,3.75,16882.0,6371000.0
2018-02-26,3.78,3.82,3.83,3.77,28357.0,10787000.0
2018-02-27,3.82,3.8,3.84,3.79,27807.0,10560000.0
2018-02-28,3.79,3.82,3.85,3.76,33658.0,12836000.0
2018-03-01,3.8,3.83,3.84,3.78,24566.0,9386000.0
2018-03-02,3.82,3.85,3.92,3.79,55237.0,21261000.0
2018-03-05,3.84,3.82,3.85,3.8,27379.0,10447000.0
2018-03-06,3.82,3.87,3.88,3.78,49651.0,19039000.0
2018-03-07,3.84,4.26,4.26,3.84,219288.0,91032000.0
2018-03-08,4.23,4.17,4.24,4.07,257981.0,106852000.0
2018-03-09,4.13,4.12,4.15,4.07,116397.0,47821000.0
2018-03-12,4.11,4.14,4.14,4.1,80901.0,33327000.0
2018-03-13,4.11,4.1,4.16,4.1,54944.0,22631000.0
2018-03-14,4.09,4.11,4.14,4.07,51438.0,21153000.0
2018-03-15,4.07,3.99,4.09,3.93,77173.0,30915000.0
2018-03-16,3.98,3.97,4.01,3.95,43299.0,17199000.0
2018-03-19,3.97,3.95,4.01,3.92,37245.0,14758000.0
2018-03-20,3.9,3.98,4.06,3.9,45661.0,18102000.0
2018-03-21,3.98,3.92,4.05,3.88,55448.0,22097000.0
2018-03-22,3.92,3.92,3.95,3.9,33035.0,12957000.0
2018-03-23,3.8,3.66,3.83,3.6,85847.0,32002000.0
2018-03-26,3.6,3.69,3.7,3.56,41154.0,14941000.0
2018-03-27,3.72,3.77,3.8,3.71,41155.0,15506000.0
2018-03-28,3.73,3.9,3.99,3.71,74820.0,28767000.0
2018-03-29,3.85,3.92,3.94,3.8,88829.0,34462000.0
2018-03-30,4.03,3.86,4.03,3.8,134182.0,51840000.0
2018-04-02,3.8,3.83,3.87,3.78,76747.0,29393000.0
2018-04-03,3.77,3.75,3.84,3.74,58253.0,21976000.0
2018-04-04,3.77,3.76,3.79,3.71,52876.0,19849000.0
2018-04-09,3.74,3.76,3.81,3.65,68616.0,25472000.0
2018-04-10,3.77,3.75,3.8,3.69,72704.0,27172000.0
2018-04-11,3.74,3.72,3.77,3.72,45849.0,17146000.0
2018-04-12,3.72,3.68,3.73,3.66,59650.0,21998000.0
2018-04-13,3.7,3.64,3.72,3.64,47602.0,17455000.0
2018-04-16,3.64,3.61,3.67,3.6,40135.0,14578000.0
2018-04-17,3.62,3.58,3.66,3.58,40678.0,14702000.0
2018-04-18,3.6,3.62,3.63,3.57,40018.0,14397000.0
2018-04-19,3.62,3.63,3.65,3.6,49105.0,17810000.0
2018-04-20,3.63,3.52,3.63,3.52,62668.0,22378000.0
2018-04-23,3.53,3.51,3.56,3.5,48997.0,17269000.0
2018-04-24,3.53,3.64,3.72,3.51,121738.0,43939000.0
2018-04-25,3.63,3.65,3.65,3.57,66329.0,23897000.0
2018-04-26,3.64,3.57,3.64,3.56,43771.0,15721000.0
2018-04-27,3.58,3.58,3.6,3.54,28495.0,10162000.0
2018-05-02,3.58,3.61,3.62,3.54,38093.0,13634000.0
2018-05-03,3.58,3.63,3.66,3.55,44728.0,16157000.0
2018-05-04,3.64,3.64,3.67,3.61,31967.0,11637000.0
2018-05-07,3.65,3.7,3.72,3.64,69763.0,25723000.0
2018-05-08,3.69,3.7,3.74,3.67,76322.0,28272000.0
2018-05-09,3.7,3.68,3.72,3.67,55937.0,20646000.0
2018-05-10,3.68,3.75,3.9,3.66,144261.0,54289000.0
2018-05-11,3.73,3.76,3.84,3.66,145896.0,54513000.0
2018-05-14,3.72,3.75,3.75,3.68,103127.0,38237000.0
2018-05-15,3.76,3.72,3.76,3.69,84190.0,31359000.0
2018-05-16,3.7,3.7,3.72,3.64,81552.0,29991000.0
2018-05-17,3.67,3.68,3.7,3.66,47565.0,17496000.0
2018-05-18,3.66,3.68,3.74,3.64,62156.0,22885000.0
2018-05-21,3.7,3.7,3.73,3.69,74092.0,27481000.0
2018-05-22,3.7,3.69,3.71,3.67,50009.0,18436000.0
2018-05-23,3.69,3.66,3.72,3.65,70778.0,26065000.0
2018-05-24,3.67,3.66,3.74,3.64,68945.0,25328000.0
2018-05-25,3.68,3.71,3.72,3.66,89061.0,32888000.0
2018-05-28,3.7,3.68,3.72,3.59,80231.0,29275000.0
2018-05-29,3.63,3.6,3.65,3.57,50037.0,18063000.0
2018-05-30,3.52,3.4,3.58,3.37,111682.0,38870000.0
2018-05-31,3.42,3.44,3.45,3.38,58370.0,19975000.0
2018-06-01,3.42,3.44,3.46,3.39,47209.0,16151000.0
2018-06-04,3.43,3.4,3.45,3.39,35038.0,11945000.0
2018-06-05,3.39,3.42,3.42,3.38,34128.0,11609000.0
2018-06-06,3.42,3.39,3.42,3.38,37102.0,12602000.0
2018-06-07,3.42,3.38,3.42,3.38,30716.0,10429581.0
2018-06-08,3.39,3.33,3.39,3.3,41973.0,13988550.0
2018-06-11,3.33,3.29,3.33,3.28,25173.0,8319650.5
2018-06-12,3.3,3.28,3.31,3.25,32532.0,10663118.0
2018-06-13,3.28,3.18,3.28,3.16,58143.0,18628962.0
2018-06-14,3.19,3.17,3.2,3.15,27628.0,8764594.0
2018-06-15,3.16,3.11,3.18,3.06,47376.0,14754861.0
2018-06-19,3.08,2.8,3.09,2.8,92337.0,26870272.0
2018-06-20,2.79,2.9,3.05,2.72,122650.0,34846572.0
2018-06-21,2.93,2.91,3.05,2.9,104626.0,31043384.0
2018-06-22,2.85,2.93,2.96,2.82,51628.0,14961066.0
2018-06-25,2.93,2.93,2.98,2.93,42160.0,12458168.0
2018-06-26,2.91,2.95,2.96,2.88,31649.0,9270360.0
2018-06-27,2.94,2.95,2.98,2.92,44502.0,13095769.0
2018-06-28,2.95,2.9,2.95,2.88,42338.0,12373497.0
2018-06-29,2.9,2.96,2.97,2.9,38378.0,11303462.0
2018-07-02,2.97,2.9,2.97,2.89,42484.0,12467476.0
2018-07-03,2.89,2.93,2.94,2.89,29115.0,8479587.0
2018-07-04,2.93,2.93,2.98,2.89,43435.0,12726173.0
2018-07-05,2.93,2.86,2.93,2.86,33836.0,9777183.0
2018-07-06,2.89,2.87,2.89,2.8,37413.0,10685866.0
2018-07-09,2.87,2.9,2.92,2.86,21406.0,6207129.5
2018-07-10,2.91,2.91,2.92,2.89,23795.0,6911920.5
2018-07-11,2.9,2.83,2.91,2.8,32518.0,9278873.0
2018-07-12,2.84,2.89,2.9,2.83,32711.0,9403452.0
2018-07-13,2.9,2.94,2.95,2.88,43580.0,12769653.0
2018-07-16,2.93,2.94,2.97,2.91,30605.0,8975627.0
2018-07-17,2.95,2.93,2.95,2.89,49689.0,14475337.0
2018-07-18,2.93,3.22,3.22,2.91,171769.0,54837912.0
2018-07-19,3.19,3.07,3.19,3.04,263587.0,81476744.0
2018-07-20,3.03,3.04,3.05,2.95,143863.0,43255040.0
2018-07-23,3.04,3.03,3.06,3.01,94268.0,28597234.0
2018-07-24,3.02,3.23,3.33,3.02,433236.0,141401232.0
2018-07-25,3.16,3.13,3.21,3.11,230598.0,72721576.0
2018-07-26,3.14,3.2,3.34,3.13,205762.0,66355928.0
2018-07-27,3.27,3.2,3.32,3.19,177429.0,57494516.0
2018-07-30,3.17,3.17,3.2,3.13,83742.0,26469876.0
2018-07-31,3.17,3.15,3.2,3.13,70188.0,22196510.0
2018-08-01,3.13,3.08,3.18,3.06,78157.0,24413264.0
2018-08-02,3.06,2.99,3.08,2.94,92704.0,27752762.0
2018-08-03,3.0,2.97,3.03,2.97,47863.0,14341660.0
2018-08-06,2.98,2.9,3.0,2.88,87308.0,25654240.0
2018-08-07,2.9,2.98,2.99,2.88,73806.0,21649110.0
2018-08-08,2.98,3.01,3.08,2.95,99062.0,29868202.0
2018-08-09,2.98,3.06,3.07,2.97,73136.0,22287888.0
2018-08-10,3.05,3.08,3.14,3.02,56844.0,17559884.0
2018-08-13,3.04,3.06,3.09,3.0,52695.0,15963886.0
2018-08-14,3.06,3.1,3.19,3.01,101069.0,31365528.0
2018-08-15,3.1,3.01,3.1,3.01,69248.0,21133744.0
2018-08-16,3.0,2.96,3.01,2.91,55993.0,16590439.0
2018-08-17,2.97,2.93,3.0,2.92,39299.0,11623848.0
2018-08-20,2.93,2.96,2.97,2.91,28092.0,8271908.0
2018-08-21,2.98,2.98,3.0,2.95,39164.0,11675417.0
2018-08-22,2.97,2.95,3.0,2.95,26767.0,7941797.5
2018-08-23,2.95,2.96,2.98,2.92,35540.0,10501027.0
2018-08-24,2.96,2.97,2.98,2.93,31154.0,9219962.0
2018-08-27,2.98,3.03,3.05,2.95,74837.0,22548880.0
2018-08-28,3.03,3.1,3.29,3.02,146865.0,45865512.0
2018-08-29,3.06,3.08,3.1,3.03,73454.0,22469284.0
2018-08-30,3.08,2.99,3.08,2.99,60021.0,18139792.0
2018-08-31,2.97,2.96,3.01,2.94,43340.0,12858243.0
2018-09-03,2.96,2.99,3.0,2.95,30909.0,9204868.0
2018-09-04,3.0,3.02,3.03,2.99,30593.0,9204913.0
2018-09-05,3.01,2.96,3.02,2.95,40093.0,11965389.0
2018-09-06,2.95,2.96,3.0,2.94,25983.0,7711378.0
2018-09-07,2.98,2.97,3.0,2.95,27111.0,8064632.0
2018-09-10,3.03,2.98,3.09,2.98,50270.0,15157822.0
2018-09-11,2.94,2.95,2.98,2.93,34393.0,10143774.0
2018-09-12,2.94,2.96,2.98,2.93,30111.0,8917369.0
2018-09-13,2.96,3.0,3.0,2.95,27796.0,8267845.5
2018-09-14,2.99,2.96,3.0,2.96,27735.0,8266895.0
2018-09-17,2.96,2.94,2.96,2.92,21571.0,6340379.0
2018-09-18,2.96,2.98,2.98,2.93,27735.0,8198757.0
2018-09-19,2.97,3.03,3.08,2.96,87712.0,26553924.0
2018-09-20,3.03,3.04,3.11,3.0,106122.0,32464912.0
2018-09-21,3.03,3.07,3.07,2.99,86179.0,26121768.0
2018-09-25,3.04,3.0,3.04,2.99,56794.0,17099384.0
2018-09-26,3.01,3.01,3.03,3.0,42158.0,12708083.0
2018-09-27,3.01,2.95,3.02,2.95,46042.0,13692118.0
2018-09-28,2.96,2.94,2.99,2.91,57900.0,17088052.0
2018-10-08,2.9,2.85,2.91,2.84,52414.0,15085390.0
2018-10-09,2.85,2.86,2.88,2.85,21656.0,6207610.5
2018-10-10,2.86,2.89,2.89,2.86,23187.0,6676568.0
2018-10-11,2.84,2.62,2.84,2.6,90181.0,24270232.0
2018-10-12,2.62,2.61,2.66,2.42,65133.0,16847492.0
2018-10-15,2.63,2.57,2.68,2.56,32675.0,8565570.0
2018-10-16,2.58,2.55,2.62,2.53,25185.0,6486948.0
2018-10-17,2.6,2.59,2.61,2.53,24956.0,6421741.5
2018-10-18,2.59,2.53,2.59,2.52,24574.0,6254146.0
2018-10-19,2.5,2.6,2.63,2.43,50786.0,12920205.0
2018-10-22,2.6,2.86,2.86,2.6,252487.0,71155224.0
2018-10-23,2.86,2.77,2.86,2.77,116577.0,32613728.0
2018-10-24,2.76,2.8,2.86,2.74,77239.0,21595892.0
2018-10-25,2.7,2.73,2.75,2.67,84476.0,22996936.0
2018-10-26,2.75,2.73,2.87,2.72,122434.0,33913896.0
2018-10-29,2.72,2.67,2.72,2.64,67084.0,17950722.0
2018-10-30,2.66,2.69,2.7,2.63,44908.0,12022331.0
2018-10-31,2.69,2.73,2.75,2.67,75758.0,20657016.0
2018-11-01,2.74,2.71,2.76,2.71,50198.0,13736338.0
2018-11-02,2.73,2.76,2.76,2.73,47221.0,12967910.0
2018-11-05,2.76,2.81,2.83,2.74,83152.0,23187934.0
2018-11-06,2.82,2.82,2.83,2.76,66789.0,18723382.0
2018-11-07,2.84,2.79,2.84,2.79,57525.0,16159496.0
2018-11-08,2.81,2.86,3.0,2.79,154643.0,44649184.0
2018-11-09,2.92,2.87,3.0,2.86,177065.0,51983468.0
2018-11-12,2.83,3.0,3.01,2.79,219245.0,63929416.0
2018-11-13,2.95,3.15,3.3,2.93,437442.0,137803008.0
2018-11-14,3.09,3.08,3.13,3.04,254925.0,78467832.0
2018-11-15,3.07,3.08,3.11,3.01,142507.0,43686608.0
2018-11-16,3.04,3.15,3.19,3.04,232079.0,72455368.0
2018-11-19,3.17,3.17,3.22,3.11,162073.0,51268024.0
2018-11-20,3.11,3.06,3.13,3.03,138100.0,42348708.0
2018-11-21,3.01,3.06,3.08,2.97,97754.0,29677148.0
2018-11-22,3.03,3.06,3.08,3.03,75104.0,22971226.0
2018-11-23,3.07,2.9,3.07,2.88,125270.0,37028284.0
2018-11-26,2.87,2.92,2.94,2.87,42861.0,12526005.0
2018-11-27,2.94,2.92,2.98,2.89,61818.0,18185876.0
2018-11-28,2.92,2.96,2.97,2.89,59674.0,17590656.0
2018-11-29,3.0,3.0,3.18,2.99,200140.0,61526044.0
2018-11-30,2.93,3.0,3.0,2.9,84324.0,24807186.0
2018-12-03,3.03,3.08,3.12,3.03,110158.0,33804136.0
2018-12-04,3.08,3.06,3.08,3.03,73274.0,22375640.0
2018-12-05,3.0,3.01,3.05,2.98,73984.0,22226922.0
2018-12-06,3.0,3.01,3.06,2.95,82415.0,24852884.0
2018-12-07,3.02,3.02,3.07,3.0,92467.0,28026800.0
2018-12-10,3.0,2.92,3.0,2.91,75853.0,22312854.0
2018-12-11,2.94,3.04,3.12,2.93,126944.0,38300724.0
2018-12-12,3.04,3.01,3.07,2.99,87884.0,26526810.0
2018-12-13,3.0,3.0,3.03,2.99,68281.0,20536008.0
2018-12-14,3.0,2.94,3.02,2.92,62147.0,18436640.0
2018-12-17,2.91,2.95,2.96,2.91,35702.0,10480622.0
2018-12-18,2.92,2.9,2.95,2.87,45661.0,13257331.0
2018-12-19,2.92,2.87,2.93,2.86,29787.0,8591170.0
2018-12-20,2.85,2.86,2.89,2.84,26366.0,7550903.0
2018-12-21,2.86,2.83,2.86,2.83,26723.0,7586534.0
2018-12-24,2.83,2.84,2.86,2.82,17999.0,5119151.0
2018-12-25,2.83,2.76,2.83,2.72,54377.0,14976403.0
2018-12-26,2.76,2.74,2.77,2.73,32554.0,8949578.0
2018-12-27,2.8,2.66,2.8,2.66,51452.0,14089574.0
2018-12-28,2.66,2.68,2.69,2.65,37171.0,9921105.0
2019-01-02,2.69,2.67,2.7,2.66,29095.0,7788443.0
2019-01-03,2.68,2.68,2.72,2.65,26467.0,7116654.0
2019-01-04,2.67,2.75,2.75,2.66,39036.0,10632024.0
2019-01-07,2.78,2.84,2.9,2.76,120080.0,34202716.0
2019-01-08,2.84,2.83,2.86,2.82,37048.0,10513183.0
2019-01-09,2.84,2.86,2.92,2.84,75514.0,21824028.0
2019-01-10,2.84,2.94,3.03,2.84,135235.0,39931376.0
2019-01-11,2.91,3.0,3.23,2.91,376948.0,117122320.0
2019-01-14,2.97,3.22,3.3,2.97,800879.0,257610432.0
2019-01-15,3.1,3.06,3.16,3.04,459479.0,141632576.0
2019-01-16,3.06,2.96,3.09,2.96,249461.0,75061640.0
2019-01-17,2.97,2.99,3.03,2.95,140567.0,41982504.0
2019-01-18,2.96,2.96,3.01,2.95,78074.0,23178396.0
2019-01-21,3.0,2.97,3.03,2.96,82487.0,24709132.0
2019-01-22,2.96,3.03,3.08,2.92,167624.0,50269868.0
2019-01-23,3.01,2.99,3.03,2.97,68944.0,20643590.0
2019-01-24,3.03,2.93,3.03,2.9,122791.0,36098688.0
2019-01-25,2.94,2.93,2.97,2.91,57212.0,16798606.0
2019-01-28,2.94,2.92,2.97,2.9,45626.0,13376159.0
2019-01-29,2.92,2.84,2.92,2.78,75316.0,21317520.0
2019-01-30,2.84,2.8,2.86,2.8,38085.0,10785214.0
2019-01-31,2.84,2.83,2.89,2.82,64382.0,18400772.0
2019-02-01,2.85,2.97,3.0,2.85,105409.0,30931124.0
2019-02-11,2.98,3.01,3.02,2.97,98985.0,29631792.0
2019-02-12,3.01,3.03,3.07,2.99,102767.0,31102580.0
2019-02-13,3.02,3.08,3.09,3.02,134050.0,41046600.0
2019-02-14,3.07,3.06,3.1,3.04,89700.0,27485810.0
2019-02-15,3.06,3.03,3.1,3.03,97097.0,29693752.0
2019-02-18,3.07,3.11,3.13,3.06,144998.0,44902276.0
2019-02-19,3.2,3.13,3.23,3.1,198728.0,62724284.0
2019-02-20,3.13,3.1,3.15,3.07,113390.0,35237548.0
2019-02-21,3.11,3.08,3.15,3.08,106318.0,33057986.0
2019-02-22,3.08,3.17,3.18,3.06,201768.0,63237072.0
2019-02-25,3.18,3.37,3.45,3.18,382808.0,125793848.0
2019-02-26,3.46,3.33,3.46,3.31,341943.0,115569328.0
2019-02-27,3.3,3.36,3.39,3.28,219508.0,73579560.0
2019-02-28,3.39,3.44,3.64,3.38,367505.0,128437640.0
2019-03-01,3.51,3.41,3.51,3.34,194770.0,66080752.0
2019-03-04,3.41,3.47,3.56,3.4,321333.0,111408264.0
2019-03-05,3.45,3.61,3.65,3.41,354613.0,126472456.0
2019-03-06,3.6,3.74,3.88,3.59,352611.0,131655968.0
2019-03-07,3.74,3.8,3.88,3.66,323355.0,121094120.0
2019-03-08,3.67,3.68,3.9,3.61,413203.0,155689328.0
2019-03-11,3.64,3.82,3.83,3.63,241315.0,89837432.0
2019-03-12,3.83,3.99,4.2,3.81,736676.0,301493280.0
2019-03-13,3.83,3.81,3.9,3.73,494695.0,189003168.0
2019-03-14,3.77,3.59,3.8,3.52,259711.0,94578376.0
2019-03-15,3.58,3.69,3.76,3.58,199791.0,73323640.0
2019-03-18,3.72,3.74,3.75,3.61,162655.0,60000264.0
2019-03-19,3.72,3.72,3.75,3.65,144524.0,53522156.0
2019-03-20,3.72,3.73,3.74,3.65,147813.0,54722988.0
2019-03-21,3.75,3.82,3.83,3.73,231041.0,87713304.0
2019-03-22,3.83,3.89,3.92,3.78,279862.0,108132752.0
2019-03-25,3.87,3.93,4.12,3.85,394616.0,157049024.0
2019-03-26,3.93,3.95,4.09,3.89,575193.0,230838672.0
2019-03-27,4.04,3.84,4.08,3.82,321124.0,125469832.0
2019-03-28,3.83,3.68,3.84,3.65,248397.0,92697000.0
2019-03-29,3.68,3.77,3.78,3.62,255442.0,95353112.0
2019-04-01,3.8,3.98,4.15,3.78,717011.0,287958368.0
2019-04-02,3.95,4.0,4.06,3.9,420247.0,167585504.0
2019-04-03,4.01,4.04,4.08,3.94,365892.0,146464000.0
2019-04-04,4.03,3.97,4.05,3.93,249242.0,99490872.0
2019-04-08,3.99,3.9,4.01,3.86,258264.0,101381000.0
2019-04-09,3.91,3.94,4.0,3.89,175723.0,69172368.0
2019-04-10,3.93,3.92,3.94,3.85,141856.0,55250904.0
2019-04-11,3.93,3.83,3.94,3.81,137528.0,53187664.0
2019-04-12,3.83,3.84,3.87,3.78,102958.0,39387492.0
2019-04-15,3.86,3.81,3.89,3.8,119448.0,46029288.0
2019-04-16,3.82,3.83,3.83,3.68,140796.0,52907280.0
2019-04-17,3.86,3.81,3.87,3.79,177279.0,67965456.0
2019-04-18,3.8,3.94,3.95,3.78,418653.0,162987360.0
2019-04-19,3.94,3.87,4.03,3.78,440945.0,172136592.0
2019-04-22,3.79,3.74,3.82,3.73,268476.0,100958424.0
2019-04-23,3.75,3.67,3.76,3.66,116118.0,42823236.0
2019-04-24,3.68,3.7,3.72,3.64,85527.0,31507394.0
2019-04-25,3.7,3.49,3.71,3.47,172276.0,61640712.0
2019-04-26,3.49,3.5,3.62,3.4,152382.0,52794580.0
2019-04-29,3.51,3.28,3.51,3.26,128376.0,43045492.0
2019-04-30,3.26,3.3,3.34,3.26,80289.0,26577158.0
2019-05-06,3.26,3.03,3.26,2.97,154768.0,47783620.0
2019-05-07,3.04,3.17,3.33,3.04,167493.0,52949048.0
2019-05-08,3.2,3.13,3.2,3.1,100801.0,31720200.0
2019-05-09,3.1,3.11,3.14,3.06,64821.0,20171760.0
2019-05-10,3.11,3.2,3.22,3.09,107540.0,34060656.0
2019-05-13,3.16,3.16,3.18,3.13,63403.0,19989376.0
2019-05-14,3.13,3.12,3.15,3.1,50490.0,15778410.0
2019-05-15,3.13,3.17,3.19,3.13,60776.0,19214526.0
2019-05-16,3.16,3.25,3.33,3.16,123721.0,39915712.0
2019-05-17,3.24,3.1,3.24,3.08,101434.0,31960976.0
2019-05-20,3.11,3.06,3.12,3.0,58311.0,17776130.0
2019-05-21,3.08,3.12,3.14,3.05,48848.0,15181186.0
2019-05-22,3.11,3.1,3.13,3.06,40508.0,12548039.0
2019-05-23,3.08,3.03,3.09,3.02,55300.0,16884418.0
2019-05-24,3.02,3.03,3.07,3.02,36378.0,11027257.0
2019-05-27,3.03,3.09,3.1,3.02,47999.0,14715797.0
2019-05-28,3.08,3.08,3.11,3.07,47420.0,14642159.0
2019-05-29,3.09,3.07,3.1,3.06,35268.0,10859609.0
2019-05-30,3.05,3.03,3.06,3.01,49896.0,15120422.0
2019-05-31,3.03,3.03,3.06,3.02,25654.0,7798390.5
2019-06-03,3.0,2.99,3.04,2.98,50106.0,15050397.0
2019-06-04,2.99,2.86,3.0,2.83,94287.0,27390068.0
2019-06-05,2.86,2.85,2.91,2.84,69646.0,20075762.0
2019-06-06,2.86,2.73,2.87,2.68,97149.0,26604410.0
2019-06-10,2.71,2.73,2.75,2.7,45168.0,12340284.0
2019-06-11,2.75,2.85,2.86,2.72,88174.0,24742260.0
2019-06-12,2.85,2.84,2.9,2.83,73165.0,20972568.0
2019-06-13,2.84,2.87,2.88,2.83,49784.0,14235323.0
2019-06-14,2.88,2.8,2.92,2.8,55515.0,15800049.0
2019-06-17,2.84,2.8,2.84,2.77,51755.0,14532031.0
2019-06-18,2.84,2.82,2.84,2.79,38084.0,10742872.0
2019-06-19,2.85,2.91,3.05,2.83,149631.0,43584120.0
2019-06-20,2.99,3.03,3.1,2.96,277824.0,84311472.0
2019-06-21,2.98,3.2,3.2,2.94,392358.0,121403096.0
2019-06-24,3.19,3.17,3.34,3.12,339378.0,109729136.0
2019-06-25,3.17,3.09,3.18,3.05,223390.0,69282296.0
2019-06-26,3.04,3.05,3.12,3.04,126807.0,39086932.0
2019-06-27,3.09,3.0,3.11,3.0,156555.0,47709976.0
2019-06-28,3.03,3.04,3.09,3.0,131466.0,39948620.0
2019-07-01,3.06,3.12,3.18,3.06,209497.0,65289236.0
2019-07-02,3.09,3.06,3.13,3.05,115717.0,35531088.0
2019-07-03,3.06,3.07,3.13,3.02,121059.0,37262556.0
2019-07-04,3.1,3.38,3.38,3.07,375735.0,122740080.0
2019-07-05,3.4,3.34,3.53,3.31,721657.0,246553632.0
2019-07-08,3.34,3.12,3.35,3.1,364333.0,115176816.0
2019-07-09,3.12,3.05,3.14,3.0,229223.0,69898160.0
2019-07-10,3.05,2.98,3.06,2.97,144222.0,43240928.0
2019-07-11,3.0,2.98,3.04,2.96,102179.0,30638494.0
2019-07-12,3.02,2.95,3.02,2.94,78371.0,23257110.0
2019-07-15,3.0,3.06,3.1,2.97,147033.0,44784596.0
2019-07-16,3.04,3.06,3.08,3.03,92966.0,28378820.0
2019-07-17,3.06,3.05,3.06,3.03,65519.0,19946508.0
2019-07-18,3.03,3.0,3.03,3.0,63979.0,19246656.0
2019-07-19,3.0,3.03,3.06,2.99,68850.0,20930366.0
2019-07-22,3.02,2.94,3.04,2.94,77141.0,22900716.0
2019-07-23,2.94,2.96,2.99,2.92,35566.0,10546925.0
2019-07-24,2.96,2.99,3.0,2.96,71427.0,21340834.0
2019-07-25,2.99,2.98,3.0,2.96,54043.0,16076691.0
2019-07-26,2.98,2.97,2.98,2.95,36237.0,10743125.0
2019-07-29,2.97,2.94,2.98,2.94,36775.0,10857677.0
2019-07-30,2.95,2.96,2.97,2.93,32292.0,9552820.0
2019-07-31,2.95,2.92,2.96,2.91,45704.0,13377970.0
2019-08-01,2.9,2.89,2.92,2.88,45674.0,13224285.0
2019-08-02,2.85,2.82,2.85,2.78,56545.0,15966123.0
2019-08-05,2.82,2.81,2.85,2.79,40493.0,11406996.0
2019-08-06,2.78,2.72,2.78,2.66,65366.0,17802898.0
2019-08-08,2.73,2.74,2.77,2.73,38582.0,10606793.0
2019-08-09,2.77,2.77,2.8,2.74,39813.0,10993607.0
2019-08-12,2.77,2.79,2.79,2.75,31566.0,8770450.0
2019-08-13,2.78,2.77,2.78,2.75,25754.0,7124822.5
2019-08-14,2.79,2.76,2.81,2.75,43180.0,12018455.0
2019-08-15,2.7,2.75,2.76,2.68,38254.0,10378447.0
